SET client_encoding = 'WIN1252';
COPY public.entretien (num, date_ent, mode, duree, sexe, age, vient_pr, sit_fam, enfant, modele_fam, profession, ress, origine, commune, partenaire) FROM stdin;
395	2024-02-01	3	1	1	3	1	2	1	1	6	1	1b	35	\N
396	2024-02-01	3	2	2	4	1	5c	2	2	3	2	2a AQTA	Brech	\N
397	2024-02-01	3	1	2	4	1	4	2	1	6	7	5c	Carnac	\N
398	2024-02-01	3	1	4	1	6	1	0	\N	1	10	5a	Locminé	\N
399	2024-02-01	3	1	2	3	1	4	1	1	6	1	5a	Elven	\N
400	2024-02-01	3	1	2	4	2	4	3	1	3	2	4c	Elven	\N
401	2024-02-01	3	1	2	4	1	7	1	\N	12	11	1b	Férel	\N
402	2024-02-01	3	2	2	3	1	4	2	1	10	4	4d	Le Bono	\N
404	2024-02-01	3	2	2	5	1	6a	0	\N	9	3	1a	Locminé	\N
405	2024-02-01	3	2	1	3	1	2	1	1	6	1	1a	Locquletas	\N
406	2024-02-01	3	1	2	4	1	7	\N	\N	12	11	1b	Lorient	\N
407	2024-02-01	3	1	2	3	6	2	2	1	5	1	1a	Monterbla	\N
408	2024-02-01	3	1	2	4	1	5f	2	1	6	1	2b	Monterbla	\N
409	2024-02-01	3	3	2	4	1	4	5	\N	6	1	4c	Monterbla	\N
410	2024-02-01	3	2	2	4	1	7	\N	\N	6	7	5c	Muzillac	\N
411	2024-02-01	3	1	2	3	1	1	0	\N	6	7	2a	Muzillac	\N
412	2024-02-01	3	1	2	4	1	5e	1	2	6	7	2a Quest.	Pénestin	\N
413	2024-02-01	3	2	2	4	1	1	0	\N	11	6	1b	Pluvigner	\N
414	2024-02-01	3	2	2	4	1	5e	2	2	6	1	1a	Questembert	\N
415	2024-02-01	3	1	2	2	1	1	0	\N	1	10	1a	Questembert	\N
416	2024-02-01	3	2	2	4	1	5a	0	\N	9	3	5a	Quiberon	\N
417	2024-02-01	3	1	1	5	1	4	0	\N	9	3	4c	Sarzeau	\N
418	2024-02-01	3	1	1	3	1	5e	1	2	7	1	5a	St Jacut les pins	\N
419	2024-02-01	3	1	1	3	1	2	0	\N	6	1	1a	St Nolff	\N
420	2024-02-01	3	2	2	4	1	1	\N	\N	6	1	5a	Surzur	\N
421	2024-02-01	3	2	2	5	1	4	0	\N	9	3	1b	Vannes	\N
422	2024-02-01	3	1	1	3	1	1	0	\N	12	11	1a	Vannes	\N
423	2024-02-01	3	2	2	4	1	5c	1	2	6	1	1b	Vannes	\N
424	2024-02-01	3	1	1	5	1	4	0	\N	10	9	1b	Vannes	\N
425	2024-02-01	3	1	1	3	6	1	0	\N	6	1	1b	Vannes	\N
426	2024-02-01	3	2	1	5	1	1	0	\N	9	3	1b	Vannes	\N
427	2024-02-01	3	2	1	3	1	1	0	\N	6	1	1b	Vannes	\N
428	2024-02-01	3	1	1	3	1	1	0	\N	6	1	2b	Vannes	\N
429	2024-02-01	3	2	1	3	1	2	1	1	6	1	6e	Vannes	\N
430	2024-02-01	3	1	4	3	6	7	\N	\N	1	10	3c	Vannes	\N
431	2024-02-01	3	1	1	5	1	4	0	\N	9	3	4c	Vannes	\N
432	2024-02-01	3	1	1	5	1	4	0	\N	9	3	4d	Vannes K	\N
433	2024-02-01	3	2	4	5	6	5e	0	\N	9	3	5a	Vannes K	\N
434	2024-02-01	1	4	2	5	1	4	0	\N	9	3	4c	Sarzeau	\N
435	2024-02-01	5	1	4	1	6	5d	2	2	6	1	5d	Vannes K	\N
436	2024-02-01	3	1	1	4	1	4	2	1	6	1	1b	22	\N
437	2024-02-01	3	1	1	3	1	3	0	\N	6	1	1a	St Avé	\N
438	2024-02-01	3	1	2	4	1	4	2	1	6	1	1b	Arradon	\N
439	2024-02-01	3	2	2	4	1	2	0	\N	3	2	1a	Vannes	\N
440	2024-02-01	3	1	2	4	6	2	2	1	6	1	1b	Guidel	\N
441	2024-02-01	3	1	3	5	1	4	0	\N	9	3	1a	Vannes	\N
442	2024-02-01	3	1	1	4	1	1	0	\N	3	2	1b	Auray	\N
443	2024-02-01	3	2	2	3	1	5f	1	3	6	1	1b	Pluneret	\N
444	2024-02-01	3	2	2	3	1	3	1	1	6	7	1a	Vannes K	\N
445	2024-02-01	5	1	2	4	2	4	2	1	6	1	1a	Belz	\N
446	2024-02-01	1	2	2	3	1	5e	2	2	7	1	5a	Vannes M	\N
447	2024-02-01	1	3	2	3	1	5d	1	2	11	5	1b	Vannes	\N
448	2024-02-01	1	2	3	3	1	3	2	1	6	1	2b	Monterbla	\N
449	2024-02-01	1	1	1	3	1	1	0	\N	7	1	5a	Vannes K	\N
450	2024-02-01	3	2	2	4	5	7	\N	\N	6	1	3c	Vannes	\N
451	2024-02-01	3	1	2	5	4	5f	2	1	6	1	1b	Plaudren	\N
452	2024-02-01	3	2	1	5	4	6a	0	\N	9	3	5c	St Philibert	\N
453	2024-02-01	3	1	2	5	1	4	0	\N	9	3	4c	malansac	\N
454	2024-02-01	3	2	2	5	1	1	0	\N	9	3	1b	Plescop	\N
455	2024-02-01	3	1	2	4	1	1	0	\N	11	6	1b	Le Faouët	\N
456	2024-02-01	3	1	1	4	1	3	2	1	6	1	1b	Quiberon	\N
457	2024-02-01	3	1	2	2	1	7	\N	\N	12	11	1b	Vannes	\N
458	2024-02-01	3	2	2	4	1	5e	1	2	6	7	2a Quest.	Pénestin	\N
459	2024-02-01	1	3	2	3	1	3	1	1	6	1	4d	Vannes	\N
460	2024-02-01	1	3	2	4	1	4	3	1	6	1	4c	Grand-Champ	\N
461	2024-02-01	1	2	1	4	1	4	2	1	10	5	1a	Vannes M	\N
462	2024-02-01	3	1	2	2	1	1	0	\N	6	7	4d	Ploeren	\N
463	2024-02-01	3	2	2	4	1	4	3	3	6	1	1b	Férel	\N
464	2024-02-01	3	2	2	2	1	2	0	\N	6	7	5d	Questembert	\N
465	2024-02-01	3	1	1	2	1	1	0	\N	6	1	5b	Vannes K	\N
466	2024-02-01	2	2	2	4	1	5c	2	2	3	2	2a	Séné	\N
467	2024-02-01	1	3	2	3	1	1	0	\N	6	7	5a	Vannes	\N
468	2024-02-01	1	3	2	5	1	1	0	\N	9	3	2b	Vannes	\N
469	2024-02-01	1	4	2	2	1	1	0	\N	10	4	4d	Ploeren	\N
470	2024-02-01	3	1	2	3	1	5a	0	\N	6	1	1b	Pluvigner	\N
471	2024-02-01	3	1	1	3	1	2	0	\N	7	1	1a	Trédion	\N
472	2024-02-01	3	1	2	4	1	5b	1	2	6	1	1b	Vannes	\N
473	2024-02-01	3	2	2	4	1	4	0	\N	6	1	6a	Auray	\N
474	2024-02-01	3	1	2	4	4	4	3	1	6	1	9	Malansac	\N
475	2024-02-01	3	2	1	2	1	1	0	\N	10	4	1b	Questembert	\N
476	2024-02-01	3	2	1	4	1	4	2	1	11	6	5a	Vannes B	\N
477	2024-02-01	3	1	1	4	1	7	\N	\N	6	1	1b	Arradon	\N
478	2024-02-01	3	1	2	5	1	6a	0	\N	9	3	5a	Rieux	\N
479	2024-02-01	3	2	1	4	1	4	1	1	6	1	1b	Monterbla	\N
480	2024-02-01	3	1	2	4	1	5e	1	2	6	7	2a Quest.	Pénestin	\N
481	2024-02-01	3	1	2	4	1	4	1	1	10	5	2b	Vannes M	\N
482	2024-02-01	3	2	2	5	1	4	0	\N	6	1	1b	Plescop	\N
483	2024-02-01	2	1	1	3	1	4	4	1	7	1	2a	Vannes M	\N
484	2024-02-01	3	1	2	5	1	1	0	\N	6	1	1b	Vannes	\N
485	2024-02-01	3	2	2	5	1	6a	0	\N	9	3	1a	Vannes	\N
486	2024-02-01	3	1	1	4	1	1	0	\N	5	1	1b	St Avé	\N
487	2024-02-01	3	1	2	3	1	1	0	\N	6	1	1b	Vannes	\N
488	2024-02-01	3	1	2	5	1	1	0	\N	9	3	2a	Vannes	\N
489	2024-02-01	3	1	2	4	1	3	2	1	6	1	3a	Monterbla	\N
490	2024-02-01	3	1	2	5	1	4	0	\N	9	3	2a AQTA	Plumergat	\N
491	2024-02-01	3	1	2	4	1	3	1	3	6	1	1b	Colpo	\N
492	2024-02-01	3	1	2	4	1	7	\N	\N	12	11	1a	Ploeren	\N
493	2024-02-01	3	1	1	3	1	2	0	\N	8	1	1b	monterbla	\N
494	2024-02-01	3	1	2	4	1	4	0	\N	6	1	4d	Sulniac	\N
495	2024-02-01	3	1	1	5	1	4	0	\N	9	3	4d	Surzur	\N
496	2024-02-01	3	1	2	2	1	7	0	\N	12	11	1b	Vannes	\N
497	2024-02-01	3	1	1	3	1	2	1	1	7	7	1b	Vannes K	\N
498	2024-02-01	3	1	1	4	1	5c	2	2	6	1	6d	Josselin	\N
499	2024-02-01	3	1	2	5	1	5a	0	\N	9	3	1a	Vannes	\N
500	2024-02-01	3	1	2	3	1	1	0	\N	6	1	1b	Vannes	\N
501	2024-02-01	3	1	2	3	1	1	0	\N	6	1	1b	Theix-Noyalo	\N
502	2024-02-01	3	1	2	4	4	4	1	1	6	1	2a Quest.	Molac	\N
503	2024-02-01	3	2	2	4	4	4	1	1	6	1	1b	Vannes	\N
504	2024-02-01	3	2	2	5	1	5a	0	\N	9	3	5a	Vannes B	\N
505	2024-02-01	1	3	1	3	1	1	0	\N	7	1	1a	Vannes	\N
506	2024-02-01	1	4	3	3	1	4	2	1	8	1	1a	St Avé	\N
507	2024-02-01	1	3	2	4	1	4	3	1	6	1	2b	St Avé	\N
508	2024-02-01	3	1	2	3	1	4	2	1	6	7	1b	Arzon	\N
509	2024-02-01	3	2	2	4	4	4	2	1	6	1	3b	Vannes	\N
510	2024-02-01	3	2	4	3	6	1	0	\N	7	7	5a	Moréac	\N
511	2024-02-01	1	4	1	5	1	1	0	\N	9	3	5a	Vannes M	\N
512	2024-02-01	3	1	2	3	1	5c	1	2	11	9	2b	Vannes M	\N
513	2024-02-01	3	1	2	4	1	4	2	1	6	1	1a	St Nolff	\N
514	2024-02-01	3	2	1	4	1	4	2	1	6	1	9	ile de Houat	\N
515	2024-02-01	3	2	1	4	1	5f	3	1	7	1	5a	Le Guerno	\N
516	2024-02-01	3	1	1	2	1	1	0	\N	1	10	1b	St Avé	\N
517	2024-02-01	3	1	2	4	1	5d	1	2	6	1	5a	Vannes	\N
518	2024-02-01	3	1	1	5	1	4	0	\N	9	3	1b	Larmor-Baden	\N
519	2024-02-01	3	2	1	3	1	4	0	\N	7	1	1b	Vannes B	\N
520	2024-02-01	3	2	3	3	1	2	0	\N	6	1	1b	Damgan	\N
521	2024-02-01	3	1	2	5	4	4	0	\N	9	3	1c	Vannes	\N
522	2024-02-01	3	1	1	2	1	1	0	\N	7	1	1a	Vannes M	\N
523	2024-02-01	3	2	2	4	3	5a	0	\N	6	1	4c	Arzal	\N
524	2024-02-01	1	4	2	5	1	1	0	\N	9	3	2b	Vannes K	\N
525	2024-02-01	1	3	2	3	1	2	2	1	8	1	1a	Ste Anne d'Auray	\N
526	2024-02-01	3	1	1	3	1	3	1	1	6	1	4c	Nivillac	\N
527	2024-02-01	3	2	2	5	1	1	0	\N	9	3	4f	Vannes	\N
528	2024-02-01	3	1	1	3	1	2	1	1	10	4	3a	Péaule	\N
529	2024-02-01	3	1	1	4	1	4	3	3	6	1	1b	Locoal-Mendon	\N
530	2024-02-01	3	1	1	5	6	4	0	\N	9	3	1b	Vannes	\N
531	2024-02-01	3	2	1	5	1	1	0	\N	9	3	1b	59	\N
532	2024-02-01	3	1	1	3	1	1	0	\N	6	1	5a	Vannes M	\N
533	2024-02-01	3	2	2	4	1	5c	1	2	6	1	3a	Vannes	\N
534	2024-02-01	3	2	1	5	1	1	0	\N	9	3	3a	Malansac	\N
535	2024-02-01	3	2	1	4	1	4	0	\N	6	1	1b	Elven	\N
536	2024-02-01	3	1	2	3	1	1	0	\N	6	7	5c	Vannes	\N
537	2024-02-01	3	2	2	4	1	5a	0	\N	9	3	4d	Trédion	\N
538	2024-02-01	3	1	2	4	1	7	\N	\N	6	1	3a	Carnac	\N
539	2024-02-01	3	1	1	5	1	4	0	\N	9	3	2b	Vannes	\N
540	2024-02-01	3	1	2	4	1	5b	2	2	6	1	3c	Vannes	\N
541	2024-02-01	3	2	2	5	1	1	0	\N	9	3	5a	Vannes	\N
542	2024-02-01	3	1	2	5	1	1	0	\N	11	9	2b	Vannes K	\N
543	2024-02-01	3	1	2	2	1	1	0	\N	10	4	5d	Vannes 	\N
544	2024-02-01	3	1	2	5	1	4	0	\N	9	3	1b	Férel	\N
545	2024-02-01	3	1	2	2	1	1	0	\N	10	4	2a	Vannes B	\N
546	2024-02-01	3	2	1	5	1	4	0	\N	9	3	1b	Le Hézo	\N
547	2024-02-01	1	4	1	4	1	5f	5	1	6	1	1b	Elven	\N
548	2024-02-01	1	3	3	5	4	4	0	\N	9	3	1b	Vannes	\N
549	2024-02-01	3	1	4	2	6	1	0	\N	11	9	5d	Vannes K	\N
550	2024-02-01	3	1	1	4	1	1	0	\N	11	6	5a	Vannes M	\N
551	2024-02-01	3	1	2	3	1	5c	2	2	6	1	1b	Vannes B	\N
552	2024-02-01	3	1	2	4	1	4	0	\N	6	1	1a	Surzur	\N
553	2024-02-01	3	1	2	3	1	5f	2	1	6	1	1b	brec'h	\N
554	2024-02-01	3	2	2	3	1	1	0	\N	8	1	5a	Ste Anne d'Auray	\N
555	2024-02-01	3	1	2	4	4	4	2	1	6	1	1b	Plaudren	\N
556	2024-02-01	3	1	1	4	1	5c	1	2	6	1	1a	Sarzeau	\N
557	2024-02-01	3	2	3	5	1	4	0	\N	9	3	4c	Elven	\N
558	2024-02-01	3	1	2	3	1	1	0	\N	6	1	1b	La Vraie Croix	\N
559	2024-02-01	3	1	2	4	1	2	2	3	6	1	1b	Vannes M	\N
560	2024-02-01	3	1	1	2	1	1	0	\N	10	4	6c	Crac'h	\N
561	2024-02-01	3	1	2	4	1	4	2	1	6	1	9	Baden	\N
562	2024-02-01	3	1	2	4	1	1	0	\N	96	1	3919	Theix-Noyalo	\N
563	2024-02-01	3	1	2	3	1	5f	1	1	6	1	6e	Brec'h	\N
564	2024-02-01	3	2	2	4	4	5e	2	2	6	1	6d	Elven	\N
565	2024-02-01	3	2	2	5	6	4	0	\N	9	3	2a	Séné	\N
566	2024-02-01	3	1	1	4	1	5b	2	3	6	1	1b	Vannes	\N
567	2024-02-01	3	1	1	4	1	5a	0	\N	11	11	5c	Auray	\N
568	2024-02-01	3	1	2	3	1	1	0	\N	6	1	4e	Allaire	\N
569	2024-02-01	3	2	1	5	1	1	0	\N	9	3	2b	Arradon	\N
570	2024-02-01	1	3	2	3	1	4	2	1	6	1	1a	Séné	\N
571	2024-02-01	1	3	1	4	\N	2	2	1	3	2	9	Surzur	\N
572	2024-02-01	3	1	2	3	1	1	0	\N	6	1	2a	Muzillac	\N
573	2024-02-01	3	1	2	4	1	5f	1	1	6	1	4d	Vannes	\N
574	2024-02-01	3	1	2	4	1	4	0	\N	6	1	1b	Arradon	\N
575	2024-02-01	3	2	1	4	1	1	0	\N	6	1	1b	Ambon	\N
576	2024-02-01	3	1	1	4	1	5b	2	2	6	1	1a	St Nolff	\N
577	2024-02-01	3	1	1	2	1	1	0	\N	6	1	4d	Vannes	\N
578	2024-02-01	3	1	4	4	1	4	0	\N	2	2	1b	Malestroit	\N
579	2024-02-01	3	1	1	4	1	2	2	1	6	1	4e	Vannes	\N
580	2024-02-01	3	1	1	4	1	5a	0	\N	10	4	1b	Vannes K	\N
581	2024-02-01	3	1	2	3	2	3	2	1	6	1	4c	Elven	\N
582	2024-02-01	3	1	2	5	1	6a	0	\N	9	3	6e	Rieux	\N
583	2024-02-01	3	2	1	4	1	5a	0	\N	6	1	1b	Billiers	\N
584	2024-02-01	3	1	1	3	1	3	2	1	6	7	1a	Vannes	\N
585	2024-02-01	3	2	2	4	1	4	1	3	4	2	1b	Auray	\N
586	2024-02-01	3	1	2	2	1	1	0	\N	6	1	4d	Vannes	\N
587	2024-02-01	3	1	2	4	1	3	2	1	6	1	1b	Vannes	\N
588	2024-02-01	3	1	2	4	4	4	1	1	6	1	1b	Séné	\N
589	2024-02-01	3	2	2	3	1	5c	1	3	6	1	1a	Séné	\N
590	2024-02-01	3	1	1	3	1	5f	2	1	6	1	4d	Plescop	\N
591	2024-02-01	3	1	1	4	1	4	2	1	6	1	1b	Rochefort-en-Terre	\N
592	2024-02-01	3	2	2	4	1	5a	0	\N	6	7	5a	Carnac	\N
593	2024-02-01	1	3	1	4	1	2	0	\N	6	1	1b	Baden	\N
594	2024-02-01	1	3	2	5	1	5a	0	\N	6	1	1a	Trédion	\N
595	2024-02-01	1	3	2	5	1	6a	0	\N	9	3	5a	Vannes M	\N
596	2024-02-01	1	3	2	5	1	2	0	\N	9	3	7a	Séné	\N
597	2024-02-01	3	1	1	4	1	4	0	\N	6	1	1b	Plescop	\N
598	2024-02-01	3	2	2	4	2	2	2	3	6	1	2b	Ploeren	\N
599	2024-02-01	3	2	2	4	1	2	2	3	6	1	1b	Nivillac	\N
600	2024-02-01	3	1	4	3	6	1	0	\N	10	10	5d	Vannes K	\N
601	2024-02-01	3	1	2	4	1	5b	2	2	6	1	1b	Le Cours	\N
602	2024-02-01	3	2	2	4	1	3	1	1	8	1	1a	Nivillac	\N
603	2024-02-01	3	2	1	4	1	1	0	\N	11	6	7a	Vannes 	\N
604	2024-02-01	3	1	1	4	1	5f	2	1	6	1	2a	Treffléan	\N
605	2024-02-01	3	1	1	4	1	5c	1	2	11	6	1b	St Avé	\N
606	2024-02-01	3	1	1	4	1	2	0	\N	6	1	1a	Grand-Champ	\N
607	2024-02-01	3	1	1	5	1	7	0	\N	11	5	4d	Vannes	\N
608	2024-02-01	3	2	2	3	3	2	1	1	6	1	7a	Téhillac	\N
609	2024-02-01	3	1	2	4	1	5a	0	\N	6	1	4d	St Avé	\N
610	2024-02-01	4	2	2	5	1	6a	0	\N	9	3	4d	Vannes M	\N
611	2024-02-01	3	2	1	4	1	4	3	1	8	1	1b	Arradon	\N
612	2024-02-01	1	4	1	3	1	2	0	\N	7	9	5a	Plaudren	\N
613	2024-02-01	1	2	2	5	1	4	0	\N	9	3	1b	Plescop	\N
614	2024-02-01	1	4	2	5	1	4	0	\N	7	1	1b	Surzur	\N
615	2024-02-01	1	1	1	2	1	1	0	\N	11	9	5d	Vannes	\N
616	2024-02-01	1	3	1	4	1	4	2	1	6	1	1b	Arradon	\N
617	2024-02-01	1	3	2	5	1	5c	1	\N	9	3	3a	Surzur	\N
618	2024-02-01	1	2	1	3	1	1	0	\N	7	1	4e	Vannes	\N
619	2024-02-01	4	2	2	5	1	5c	1	\N	9	3	3a	Surzur	\N
620	2024-02-01	3	1	2	4	1	4	0	\N	6	1	4c	Molac	\N
621	2024-02-01	3	1	1	4	1	4	2	1	7	1	1a	Vannes M	\N
622	2024-02-01	3	2	1	4	1	5a	0	\N	8	1	3a	Larré	\N
623	2024-02-01	3	2	1	4	1	4	2	1	6	1	3a	Pluméliau	\N
624	2024-02-01	3	1	2	1	1	1	0	\N	1	9	1b	Elven	\N
625	2024-02-01	3	1	2	4	1	5b	2	2	6	1	1a	Colpo	\N
626	2024-02-01	3	1	1	5	1	6a	0	\N	9	3	1a	Malansac	\N
627	2024-02-01	3	1	2	4	1	2	1	1	6	1	4d	Séné	\N
628	2024-02-01	3	1	1	1	1	4	3	1	6	1	4d	Vannes K	\N
629	2024-02-01	3	1	1	4	1	4	2	1	7	1	4d	Vannes	\N
630	2024-02-01	3	2	1	5	1	5a	0	\N	9	3	2b	Pluneret	\N
631	2024-02-01	3	1	2	4	1	3	2	1	11	6	1b	Surzur	\N
632	2024-02-01	3	1	2	4	2	4	0	\N	6	1	1b	Plougoumelen	\N
633	2024-02-01	3	1	2	4	6	3	2	1	4	2	5c	Vannes M	\N
634	2024-02-01	3	2	2	2	1	1	0	\N	1	9	1a	Vannes	\N
635	2024-02-01	3	2	2	5	1	6a	0	\N	9	3	2b	Vannes	\N
636	2024-02-01	3	1	2	4	4	4	2	1	6	1	1b	Pleucadeuc	\N
637	2024-02-01	3	2	1	5	3	5a	0	\N	9	3	1b	Vannes	\N
638	2024-02-01	3	2	2	4	1	4	0	\N	6	1	4d	Belle-Ile	\N
639	2024-02-01	1	2	2	3	1	2	2	1	6	1	1a	St Nolff	\N
640	2024-02-01	1	2	1	4	1	5b	2	2	6	1	1b	Vannes	\N
641	2024-02-01	1	5	3	5	4	4	1	1	4	2	2a	Arradon	\N
642	2024-02-01	3	1	2	4	1	1	0	\N	7	1	1b	St Niolff	\N
643	2024-02-01	3	2	2	4	1	2	2	3	11	9	1a	Vannes	\N
644	2024-02-01	3	1	2	1	1	2	2	1	6	1	6e	Arradon	\N
645	2024-02-01	3	1	4	3	6	7	\N	\N	6	1	5b	Theix-Noyalo	\N
646	2024-02-01	3	2	2	3	1	1	0	\N	11	6	4d	Ile aux Moines	\N
647	2024-02-01	3	1	2	4	1	2	2	1	7	1	4d	Plescop	\N
648	2024-02-01	3	2	4	4	6	7	0	\N	6	1	5c	Auray	\N
649	2024-02-01	3	1	1	4	1	5d	2	\N	6	1	1b	Séné	\N
650	2024-02-01	3	2	1	3	1	1	0	\N	6	1	1b	Auray	\N
651	2024-02-01	3	1	1	4	1	4	2	1	2	1	1b	Belle Ile	\N
652	2024-02-01	3	1	3	4	1	4	1	1	10	4	5a	Questembert	\N
653	2024-02-01	3	1	1	4	3	1	0	\N	6	1	4d	Vannes	\N
654	2024-02-01	3	2	2	4	1	5d	1	\N	6	1	5a	Camoel	\N
655	2024-02-01	3	2	2	4	1	2	2	3	11	9	2a	Vannes	\N
656	2024-02-01	3	2	2	4	6	1	0	\N	6	1	1b	Nivillac	\N
657	2024-02-01	3	1	4	4	1	7	\N	\N	11	9	1b	Vannes	\N
658	2024-02-01	3	1	2	3	1	1	0	\N	6	1	1a	Vannes	\N
659	2024-02-01	3	1	1	3	1	1	0	\N	7	1	5a	Vannes	\N
660	2024-02-01	1	2	1	5	1	4	0	\N	9	3	4c	Elven	\N
661	2024-02-01	1	3	2	4	1	5c	1	2	6	1	4d	Vannes	\N
662	2024-02-01	1	3	2	4	1	5b	1	2	7	1	4d	Vannes	\N
663	2024-02-01	1	3	2	5	1	5a	0	\N	3	2	1a	Vannes	\N
664	2024-02-01	1	3	2	5	1	5a	0	\N	9	3	6b	Vannes	\N
665	2024-02-01	1	1	2	2	1	1	0	\N	7	1	4d	Vannes	\N
666	2024-02-01	3	1	2	5	1	4	0	\N	9	6	4c	Baden	\N
667	2024-02-01	3	2	2	4	3	4	2	1	6	1	1b	Plouharnel	\N
668	2024-02-01	3	1	4	3	6	7	\N	\N	6	1	1b	Vannes	\N
669	2024-02-01	3	1	2	4	3	2	2	1	6	1	1a	Séné	\N
670	2024-02-01	3	1	2	4	4	5c	2	3	7	1	1b	Vannes	\N
671	2024-02-01	3	1	2	4	1	1	0	\N	7	1	1a	Vannes	\N
672	2024-02-01	3	2	2	5	1	6a	0	\N	9	3	1b	Baden	\N
673	2024-02-01	3	1	1	2	1	1	0	\N	11	6	5a	Theix-Noyalo	\N
674	2024-02-01	3	2	2	4	1	4	2	1	6	1	1a	Theix-Noyalo	\N
675	2024-02-01	3	1	2	4	1	2	2	1	6	1	1a	Vannes	\N
676	2024-02-01	3	1	4	3	1	1	0	\N	6	1	1a	Vannes K	\N
677	2024-02-01	3	1	1	3	1	1	0	\N	11	11	5a	Vannes M	\N
678	2024-02-01	3	1	2	4	1	2	2	3	4	2	4e	St Avé	\N
679	2024-02-01	3	1	2	4	1	2	2	1	10	4	6c	Vannes	\N
680	2024-02-01	3	1	2	4	1	4	0	\N	11	5	1a	Vannes M	\N
681	2024-02-01	3	2	2	4	1	5a	0	\N	6	1	1b	Plescop	\N
682	2024-02-01	1	3	2	4	1	5b	1	2	6	1	6d	Elven	\N
683	2024-02-01	1	3	1	4	1	5d	2	\N	5	1	4d	Plescop	\N
684	2024-02-01	1	3	1	4	1	1	0	\N	11	6	7a	Vannes	\N
685	2024-02-01	1	3	2	4	1	5c	1	3	6	1	2b	Séné	\N
686	2024-02-01	3	2	2	4	1	3	2	1	6	1	1a	La Roche Bernard	\N
687	2024-02-01	3	1	2	4	1	5a	0	\N	7	1	2a	Surzur	\N
688	2024-02-01	3	2	2	5	1	5a	0	\N	9	3	5a	Plumergat	\N
689	2024-02-01	3	1	2	4	1	4	0	\N	6	1	1b	Auray	\N
690	2024-02-01	3	1	2	5	1	6a	0	\N	9	3	4d	Theix-Noyalo	\N
691	2024-02-01	3	2	1	4	1	1	0	\N	8	1	1b	Colpo	\N
692	2024-02-01	3	1	4	4	6	7	\N	\N	6	1	2a	le Bono	\N
693	2024-02-01	3	1	1	3	1	1	0	\N	4	2	1b	Brec'h	\N
694	2024-02-01	3	1	1	4	1	1	0	\N	11	6	4d	Baden	\N
695	2024-02-01	3	1	2	3	1	4	2	1	6	1	1b	Sarzeau	\N
696	2024-02-01	3	1	2	3	1	2	2	1	6	1	4c	le Bono	\N
697	2024-02-01	3	2	1	4	1	5f	1	2	6	1	5a	St Nolff	\N
698	2024-02-01	3	1	1	4	1	4	0	\N	6	1	4d	Téhillac	\N
699	2024-02-01	3	1	1	4	4	4	2	1	6	1	1b	Ploeren	\N
700	2024-02-01	3	2	2	4	1	5a	0	\N	6	1	7a	le Bono	\N
701	2024-02-01	1	3	1	4	1	5b	2	2	6	1	4d	Treffléan	\N
702	2024-02-01	1	3	1	4	1	1	0	\N	11	5	4d	Vannes	\N
703	2024-02-01	1	3	2	4	1	5b	2	2	8	1	5c	Nivillac	\N
704	2024-02-01	1	2	1	5	1	5a	0	\N	9	3	4d	Vannes K	\N
705	2024-02-01	1	2	1	4	3	4	2	1	7	1	4d	Vannes	\N
706	2024-02-01	1	3	1	4	1	5a	0	\N	8	1	3a	Larré	\N
707	2024-02-01	5	2	2	4	1	3	2	1	6	1	1b	Sarzeau	\N
708	2024-02-01	3	1	2	5	1	6a	0	\N	9	3	2a	Vannes	\N
709	2024-02-01	3	2	2	3	1	1	1	2	7	1	4d	Vannes M	\N
710	2024-02-01	3	1	1	2	1	1	0	\N	10	11	9	Vannes	\N
711	2024-02-01	3	1	2	5	1	6a	0	\N	9	3	4d	Auray	\N
712	2024-02-01	3	1	2	4	1	5c	1	2	6	1	7a	Caden	\N
713	2024-02-01	3	1	1	3	1	2	0	\N	6	1	1a	Belle-Ile	\N
714	2024-02-01	3	1	2	4	4	4	2	1	8	1	4c	Vannes	\N
715	2024-02-01	3	1	2	3	1	3	2	1	6	1	1b	Vannes 	\N
716	2024-02-01	3	1	2	3	1	2	0	\N	11	6	2a	Vannes K	\N
717	2024-02-01	3	2	2	4	1	5f	3	1	6	1	1a	Theix-Noyalo	\N
718	2024-02-01	5	1	1	3	1	2	0	\N	6	1	1a	Belle-Ile	\N
719	2024-02-01	3	2	2	5	1	5c	1	2	9	3	2a	Surzur	\N
720	2024-02-01	3	1	2	5	1	4	0	\N	9	3	5a	Vannes	\N
721	2024-02-01	3	1	4	3	6	7	\N	\N	6	1	5b	Vannes	\N
722	2024-02-01	3	1	2	5	1	4	0	\N	9	3	1b	Plescop	\N
723	2024-02-01	1	3	2	5	1	5a	0	\N	9	3	2a	Vannes	\N
724	2024-02-01	1	2	2	3	1	1	0	\N	6	1	4d	Plescop	\N
725	2024-02-01	1	3	2	5	1	6a	0	\N	9	3	4c	Baden	\N
726	2024-02-01	3	1	2	4	2	4	0	\N	6	1	4e	Questembert	\N
727	2024-02-01	3	2	1	4	1	5b	2	2	6	1	1a	monterbla	\N
728	2024-02-01	3	1	2	4	1	5c	2	2	6	1	4c	Marzan	\N
729	2024-02-01	3	1	1	4	1	5a	0	\N	6	1	1a	Téhillac	\N
730	2024-02-01	3	1	4	3	6	5f	3	1	6	1	5a	Brec'h	\N
731	2024-02-01	3	2	2	5	1	6a	0	\N	9	3	4d	Vannes	\N
732	2024-02-01	3	1	4	3	6	7	\N	\N	4	2	3c Prof. du droit	Auray	\N
733	2024-02-01	3	1	2	5	1	5a	0	\N	9	3	4c	Limerzel	\N
734	2024-02-01	1	2	2	3	1	4	2	1	6	1	1a	Plouharnel	AQTA 2/2
735	2024-02-01	1	4	2	2	1	1	0	\N	10	9	5d	Plouharnel	AQTA 2/2
736	2024-02-01	1	3	2	4	1	5d	2	\N	6	1	1a	Landévant	AQTA 2/2
737	2024-02-01	1	2	1	3	1	4	0	\N	7	1	1b	Pluneret	AQTA 2/2
738	2024-02-01	1	2	2	4	1	4	3	1	6	1	1b	Auray	AQTA 9/2
739	2024-02-01	1	4	1	4	1	5d	1	\N	10	4	1b	Auray	AQTA 9/2
740	2024-02-01	1	3	1	3	1	4	2	1	3	2	2a	Crac'h	AQTA 9/2
741	2024-02-01	1	4	3	5	1	4	1	1	9	3	1a	Plumergat	AQTA 9/2
742	2024-02-01	1	3	1	3	1	5d	1	\N	11	5	5a	Auray	AQTA 16/2
743	2024-02-01	1	3	1	4	1	5d	2	\N	6	1	4d	Le Bono	AQTA 16/2
744	2024-02-01	1	3	2	4	1	5c	1	2	6	1	1b	Pluneret	AQTA 16/2
745	2024-02-01	1	4	3	4	1	4	2	1	6	1	1b	Carnac	AQTA 16/2
746	2024-02-01	1	3	1	5	1	1	0	\N	6	1	1b	Auray	AQTA 23/2
747	2024-02-01	3	3	1	4	1	7	\N	\N	10	4	1b	Brec'h	AQTA 23/2
748	2024-02-01	1	3	2	4	1	4	1	1	6	7	5a	Brec'h	AQTA 23/2
749	2024-02-01	3	2	2	5	1	1	0	\N	9	3	4c	Malansac	Quest 5/2
750	2024-02-01	3	2	2	3	1	5f	1	1	6	7	4c	Questembert	Quest 5/2
751	2024-02-01	3	1	2	5	1	4	0	\N	9	3	4c	Malansac	Quest 6/2
752	2024-02-01	3	2	1	3	1	5d	1	\N	10	5	4c	Questembert	Quest 7/2
753	2024-02-01	1	3	3	4	1	4	0	\N	11	5	4c	St Jacut les pins	Quest 13/2
754	2024-02-01	1	4	1	3	1	5e	1	2	10	4	4c	St Gravé	Quest 13/2
755	2024-02-01	1	3	2	3	1	1	0	\N	10	5	4c	Malansac	Quest 13/2
756	2024-02-01	1	3	3	4	1	5b	6	3	6	1	4c	St Jacut les pins	Quest 13/2
757	2024-02-01	3	2	2	4	1	5f	2	1	11	6	4c	Questembert	Quest 16/2
758	2024-02-01	3	1	2	5	1	6a	0	\N	9	3	4c	Malansac	Quest 16/2
759	2024-02-01	3	1	2	3	1	7	1	\N	6	1	4c	Caden	Quest 16/2
760	2024-02-01	3	2	2	4	1	5c	2	2	6	1	4c	Lauzach	Quest 19/2
761	2024-02-01	1	2	2	5	1	1	0	\N	9	3	1a	Molac	Quest 27/2
762	2024-02-01	1	3	1	5	1	4	0	\N	9	3	3c	Malansac	Quest 27/2
763	2024-02-01	3	1	1	4	1	4	2	1	7	9	4c	Berric	Quest 27/2
764	2024-02-01	1	3	2	4	4	4	3	1	11	6	6e	Pleucadeuc	Quest 27/2
765	2024-02-01	1	4	3	3	1	5e	2	1	6	1	5a	Questembert	Quest 27/2
766	2024-02-01	3	3	2	4	1	5c	1	2	10	4	1b	Questembert	Quest 27/2
767	2024-02-01	1	3	2	4	6	1	0	\N	11	6	2a	Colpo	Coiliateur 21/2
768	2024-02-01	1	2	2	5	1	1	0	\N	9	3	2a	Vannes	Coiliateur 21/2
769	2024-02-01	1	2	2	5	1	6a	0	\N	9	3	2a	Ile aux Moines	Coiliateur 21/2
770	2024-02-01	1	3	1	4	1	2	1	1	6	1	2a	Vannes B	Coiliateur 1/2
771	2024-02-01	1	2	2	3	1	2	0	\N	6	1	2a	Crac'h	Coiliateur 1/2
772	2024-02-01	1	2	2	5	1	4	0	\N	9	3	2a	Surzur	Coiliateur 1/2
773	2024-02-01	1	2	2	4	1	5a	0	\N	6	1	2a	Baden	Notaire 15/2
774	2024-02-01	1	3	1	4	1	4	3	1	7	1	2a	Séné	Notaire 15/2
775	2024-02-01	1	3	1	4	1	1	0	\N	11	5	2a	Elven	Notaire 15/2
776	2024-02-01	1	2	2	4	1	1	0	\N	11	5	2a	Vannes M	Notaire 15/2
777	2024-02-01	1	2	2	4	1	4	2	1	6	1	2a	Vannes	Notaire 15/2
778	2024-02-01	1	2	2	4	1	1	0	\N	6	1	4c	Vannes	Notaire 15/2
779	2024-02-01	1	3	1	3	1	3	1	1	6	1	2a	Questembert	Avocat 15/2
780	2024-02-01	1	3	2	4	1	3	1	1	6	1	2a	Ploeren	Avocat 15/2
781	2024-02-01	1	2	1	4	1	5c	2	2	6	1	2a	Elven	Avocat 15/2
782	2024-02-01	1	3	3	5	1	4	0	\N	3	2	2a	Damgan	Avocat 15/2
783	2024-02-01	1	3	2	1	1	1	0	\N	1	10	2a	Grand-Champ	Avocat mineur 7/2
1	2025-12-05	1	1	1	1	1	1	1	1	1	1	1a	Allaire	Néant
2	2025-12-05	1	1	1	1	1	1	1	1	1	1	1a	\N	Néant
3	2025-12-05	1	1	1	1	1	1	1	1	1	1	1a	\N	Néant
4	2025-12-05	1	1	1	2	1	1	1	1	1	1	1a	\N	Néant
\.
COPY public.demande (num, pos, nature) FROM stdin;
395	1	1j
396	1	1d
397	1	5b
398	1	8c
399	1	1b
400	1	5c
401	1	8c
402	1	5eAM
404	1	8a
405	1	2a
406	1	2a
407	1	1b
408	1	1b
409	1	1j
410	1	5a
411	1	5b
412	1	5b
413	1	1b
414	1	1c
415	1	8a
416	1	1b
417	1	3c
418	1	1b
419	1	5b
420	1	5a
421	1	2a
422	1	2a
423	1	1h
424	1	8b
425	1	4d
426	1	6c
427	1	7b
428	1	3a
429	1	4f
430	1	3c
431	1	8a
432	1	5d
433	1	1b
434	1	4b
435	1	1b
436	1	2c
437	1	7a
438	1	3d
439	1	2g
440	1	3d
441	1	2f
442	1	3f
443	1	1b
444	1	5b
445	1	5b
446	1	1b
447	1	1i
448	1	5a
449	1	7b
450	1	2d
451	1	1b
452	1	1c
453	1	2a
454	1	2e
455	1	2a
456	1	8b
457	1	7b
458	1	5b
459	1	5a
460	1	1c
461	1	5b
462	1	5c
463	1	5a
464	1	5a
465	1	4a
466	1	5b
467	1	5b
468	1	4a
469	1	5b
470	1	1b
471	1	5b
472	1	1b
473	1	7c
474	1	4a
475	1	5b
476	1	8c
477	1	8b
478	1	1j
479	1	1j
480	1	5b
481	1	1i
482	1	5b
483	1	8c
484	1	6c
485	1	1j
486	1	8a
487	1	2c
488	1	2g
489	1	5a
490	1	1j
491	1	7e
492	1	1j
493	1	5a
494	1	8a
495	1	7b
496	1	4e
497	1	7e
498	1	3a
499	1	1b
500	1	5a
501	1	8b
502	1	4f
503	1	7a
504	1	1b
505	1	7b
506	1	5a
507	1	7b
508	1	2a
509	1	7b
510	1	5b
511	1	7e
512	1	8c
513	1	1j
514	1	8a
515	1	1b
516	1	1c
517	1	1c
518	1	2f
519	1	1b
520	1	33c
521	1	1b
522	1	1j
523	1	1h
524	1	2g
525	1	5b
526	1	1d
527	1	2g
528	1	5b
529	1	1c
530	1	4f
531	1	2e
532	1	3c
533	1	2d
534	1	4c
535	1	1c
536	1	5b
537	1	1j
538	1	5b
539	1	1j
540	1	1b
541	1	8d
542	1	8c
543	1	5b
544	1	1j
545	1	5b
546	1	3c
547	1	1b
548	1	1b
549	1	7a
550	1	4b
551	1	1c
552	1	5a
553	1	1b
554	1	5a
555	1	5a
556	1	1b
557	1	1k
558	1	1j
559	1	1b
560	1	2b
561	1	1c
562	1	7c
563	1	1e
564	1	1e
565	1	1h
566	1	1d
567	1	1b
568	1	1b
569	1	6c
570	1	5a
571	1	1b
572	1	5a
573	1	1b
574	1	1h
575	1	2f
576	1	1b
577	1	5a
578	1	5c
579	1	5a
580	1	3a
581	1	1j
582	1	1f
583	1	1b
584	1	5a
585	1	1b
586	1	1j
587	1	5a
588	1	5a
589	1	1c
590	1	1b
591	1	3c
592	1	1b
593	1	5a
594	1	1b
595	1	1j
596	1	4a
597	1	2d
598	1	1c
599	1	1e
600	1	9c
601	1	1c
602	1	5a
603	1	7b
604	1	1b
605	1	2a
606	1	3c
607	1	3a
608	1	3c
609	1	3c
610	1	1j
611	1	1a
612	1	5b
613	1	3a
614	1	5a
615	1	9c
616	1	2g
617	1	1d
618	1	5a
619	1	1d
620	1	2e
621	1	5a
622	1	5a
623	1	7a
624	1	1d
625	1	1d
626	1	3c
627	1	5a
628	1	1b
629	1	7b
630	1	2c
631	1	5a
632	1	5a
633	1	5c
634	1	2a
635	1	3c
636	1	7b
637	1	1h
638	1	2f
639	1	2a
640	1	1d
641	1	1h
642	1	5a
643	1	1c
644	1	7c
645	1	1c
646	1	2a
647	1	5a
648	1	2c
649	1	1d
650	1	5a
651	1	5a
652	1	1b
653	1	8c
654	1	1d
655	1	1c
656	1	1a
657	1	2a
658	1	5a
659	1	5a
660	1	1k
661	1	1c
662	1	1d
663	1	5b
664	1	2d
665	1	1j
666	1	6a
667	1	2a
668	1	3d
669	1	7b
670	1	7c
671	1	8c
672	1	1j
673	1	7a
674	1	5P
675	1	5a
676	1	5a
677	1	8c
678	1	5d
679	1	2a
680	1	3e
681	1	5a
682	1	1c
683	1	1b
684	1	2c
685	1	1c
686	1	1j
687	1	5a
688	1	1b
689	1	1j
690	1	3c
691	1	3c
692	1	2c
693	1	5c
694	1	2h
695	1	2f
696	1	5a
697	1	7c
698	1	3c
699	1	7a
700	1	7b
701	1	1b
702	1	3a
703	1	8b
704	1	1b
705	1	8c
706	1	5a
707	1	2f
708	1	3a
709	1	8c
710	1	5a
711	1	2f
712	1	2f
713	1	2a
714	1	5a
715	1	2f
716	1	6a
717	1	1d
718	1	2a
719	1	1e
720	1	2a
721	1	1h
722	1	1j
723	1	3a
724	1	5a
725	1	6c
726	1	5a
727	1	1b
728	1	1d
729	1	9b
730	1	1b
731	1	2c
732	1	4a
733	1	5a
734	1	5a
735	1	5b
736	1	1c
737	1	1b
738	1	2f
739	1	3a
740	1	5b
741	1	1j
742	1	1b
743	1	1c
744	1	1b
745	1	2c
746	1	3c
747	1	5b
748	1	5b
749	1	1j
750	1	1b
751	1	3c
752	1	1d
753	1	6a
754	1	1d
396	2	7c
397	2	7b
398	2	1e
399	2	9b
400	2	9b
401	2	5a
405	2	4a
408	2	9b
410	2	9b
413	2	7c
414	2	1d
415	2	9b
418	2	1d
425	2	5a
433	2	7c
434	2	3e
435	2	1d
437	2	9b
446	2	1d
448	2	5b
450	2	5d
451	2	1g
452	2	1j
454	2	1j
461	2	6c
463	2	1g
470	2	1g
479	2	4b
483	2	7f
484	2	1j
495	2	3a
498	2	7b
499	2	6d
510	2	2a
515	2	9b
516	2	4c
519	2	9b
522	2	9b
523	2	7b
531	2	2g
532	2	7b
534	2	9b
535	2	1h
542	2	9b
548	2	7c
549	2	8c
550	2	8a
553	2	1c
563	2	7b
568	2	2h
569	2	3a
571	2	3a
576	2	1c
583	2	2e
585	2	2e
589	2	9a
591	2	6e
594	2	1g
603	2	3c
604	2	1d
608	2	7b
612	2	5e
614	2	2c
616	2	2f
625	2	2c
628	2	9b
632	2	7e
649	2	1c
655	2	1d
658	2	5c
663	2	5c
666	2	6c
669	2	3a
677	2	9b
678	2	5e
679	2	2b
683	2	1d
685	2	8d
697	2	1b
700	2	3d
704	2	9b
708	2	7b
717	2	1b
726	2	5b
727	2	2c
730	2	1c
735	2	9b
738	2	4a
739	2	1c
742	2	9b
744	2	1g
749	2	7b
750	2	5b
752	2	1j
753	2	4b
754	2	1k
413	3	2a
435	3	7c
446	3	9b
463	3	1j
483	3	9a
510	3	8c
523	3	4c
548	3	7b
549	3	9b
550	3	9b
553	3	1d
594	3	9b
683	3	1c
730	3	1d
739	3	7b
744	3	1c
750	3	1g
752	3	9b
754	3	9b
\.
COPY public.solution (num, pos, nature) FROM stdin;
413	3	2a
435	3	7c
446	3	9b
463	3	1j
483	3	9a
510	3	8c
523	3	4c
548	3	7b
549	3	9b
550	3	9b
553	3	1d
594	3	9b
683	3	1c
730	3	1d
739	3	7b
744	3	1c
750	3	1g
752	3	9b
754	3	9b
\.